Name of Health Facility/Laboratory,Abbrev of Health Facility,Daily Output - Positive Individuals,Daily Output - Unique Individuals Tested,Daily Output - Tests Conducted,UNIQUE INDIVIDUALS TESTED,POSITIVE INDIVIDUALS,% positive/ unique individuals,NEGATIVE INDIVIDUALS,% negative/ unique individuals,EQUIVOCAL,% equivocal /unique individuals,INVALID,% invalid /unique individuals,TOTAL TESTS CONDUCTED,%,REMAINING AVAILABLE TESTS,%,Date
Research Institute for Tropical Medicine (RITM),RITM,,,,"15,197","2,652",17%,"11,367",75%,32,0.2%,,,"20,826",,"75,396",,"April 2, 2020"
Baguio General Hospital and Medical Center (BGHMC),BGHMC,,,,473,21,4%,452,96%,0,0.0%,,,478,,"4,519",,"April 2, 2020"
San Lazaro Hospital (SLH),SLH,,,,115,31,27%,84,73%,0,0.0%,,,193,,"4,846",,"April 2, 2020"
Vicente Sotto Memorial Medical Center (VSMMC),VSMMC,,,,672,37,6%,634,94%,1,0.1%,,,672,,"23,812",,"April 2, 2020"
UP National Institutes of Health (UP-NIH),UP-NIH,,,,332,43,13%,279,84%,10,3.0%,,,335,,"4,565",,"April 2, 2020"
Western Visayas Medical Center (WVMC),WVMC,,,,369,31,8%,319,86%,19,5.1%,,,396,,"4,584",,"April 2, 2020"
Southern Philippines Medical Center (SPMC),SPMC,,,,721,67,9%,736,102%,3,0.4%,,,927,,"4,289",,"April 2, 2020"
Lung Center of the Philippines (LCP),LCP,,,,168,22,13%,146,87%,2,1.2%,,,168,,"4,787",,"April 2, 2020"
Research Institute for Tropical Medicine (RITM),RITM,,,,"16,838","3,133",19%,"13,673",81%,32,0.2%,,,"19,196",,"56,200",,"April 3, 2020"
Baguio General Hospital and Medical Center (BGHMC),BGHMC,,,,604,23,4%,581,96%,0,0.0%,,,612,,"4,363",,"April 3, 2020"
San Lazaro Hospital (SLH),SLH,,,,124,37,30%,87,70%,0,0.0%,,,221,,"4,846",,"April 3, 2020"
Vicente Sotto Memorial Medical Center (VSMMC),VSMMC,,,,720,22,3%,698,97%,0,0.0%,,,737,,"23,716",,"April 3, 2020"
UP National Institutes of Health (UP-NIH),UP-NIH,,,,351,43,12%,298,85%,10,2.8%,,,357,,"4,514",,"April 3, 2020"
Western Visayas Medical Center (WVMC),WVMC,,,,467,31,7%,417,89%,19,4.1%,,,496,,"4,368",,"April 3, 2020"
Southern Philippines Medical Center (SPMC),SPMC,,,,958,74,8%,881,92%,3,0.3%,,,"1,089",,"3,941",,"April 3, 2020"
Lung Center of the Philippines (LCP),LCP,,,,250,32,13%,218,87%,0,0.0%,,,250,,"4,649",,"April 3, 2020"
Research Institute for Tropical Medicine (RITM),RITM,,,,"18,642","3,692",20%,"14,924",80%,26,0.1%,,,"22,527",,"53,800",,"April 4, 2020"
Baguio General Hospital and Medical Center (BGHMC),BGHMC,,,,780,26,3%,754,97%,0,0.0%,,,791,,"4,163",,"April 4, 2020"
San Lazaro Hospital (SLH),SLH,,,,124,37,30%,87,70%,0,0.0%,,,221,,"4,846",,"April 4, 2020"
Vicente Sotto Memorial Medical Center (VSMMC),VSMMC,,,,784,22,3%,762,97%,0,0.0%,,,931,,"23,620",,"April 4, 2020"
UP National Institutes of Health (UP-NIH),UP-NIH,,,,374,49,13%,310,83%,15,4.0%,,,386,,"4,479",,"April 4, 2020"
Western Visayas Medical Center (WVMC),WVMC,,,,650,32,5%,618,95%,0,0.0%,,,696,,"4,152",,"April 4, 2020"
Southern Philippines Medical Center (SPMC),SPMC,,,,"1,109",79,7%,"1,030",93%,0,0.0%,,,"1,109",,"3,590",,"April 4, 2020"
Lung Center of the Philippines (LCP),LCP,,,,250,32,13%,218,87%,0,0.0%,,,250,,"4,649",,"April 4, 2020"
Research Institute for Tropical Medicine (RITM),RITM,,,,"18,642","3,692",20%,"14,924",80%,26,0.1%,,,"23,424",,"53,800",,"April 5, 2020"
Baguio General Hospital and Medical Center (BGHMC),BGHMC,,,,937,27,3%,910,97%,0,0.0%,,,950,,"3,988",,"April 5, 2020"
San Lazaro Hospital (SLH),SLH,,,,124,37,30%,87,70%,0,0.0%,,,221,,"4,846",,"April 5, 2020"
Vicente Sotto Memorial Medical Center (VSMMC),VSMMC,,,,867,24,3%,843,97%,0,0.0%,,,"1,020",,"23,524",,"April 5, 2020"
UP National Institutes of Health (UP-NIH),UP-NIH,,,,375,49,13%,311,83%,15,4.0%,,,386,,"4,479",,"April 5, 2020"
Western Visayas Medical Center (WVMC),WVMC,,,,753,33,4%,720,96%,0,0.0%,,,781,,"4,032",,"April 5, 2020"
Southern Philippines Medical Center (SPMC),SPMC,,,,"1,109",79,7%,"1,030",93%,0,0.0%,,,"1,109",,"3,416",,"April 5, 2020"
Lung Center of the Philippines (LCP),LCP,,,,250,32,13%,218,87%,0,0.0%,,,250,,"4,649",,"April 5, 2020"
Research Institute for Tropical Medicine (RITM),RITM,,,,"19,937","3,836",19%,"16,075",81%,26,0.1%,,,"23,863",,"53,680",,"April 6, 2020"
Baguio General Hospital and Medical Center (BGHMC),BGHMC,,,,960,25,3%,935,97%,0,0.0%,,,975,,"3,958",,"April 6, 2020"
San Lazaro Hospital (SLH),SLH,,,,159,42,26%,117,74%,0,0.0%,,,273,,"4,765",,"April 6, 2020"
Vicente Sotto Memorial Medical Center (VSMMC),VSMMC,,,,951,25,3%,926,97%,0,0.0%,,,"1,106",,"23,404",,"April 6, 2020"
UP National Institutes of Health (UP-NIH),UP-NIH,,,,375,49,13%,311,83%,15,4.0%,,,386,,"4,479",,"April 6, 2020"
Western Visayas Medical Center (WVMC),WVMC,,,,772,35,5%,737,95%,0,0.0%,,,800,,"4,032",,"April 6, 2020"
Southern Philippines Medical Center (SPMC),SPMC,,,,"1,261",82,7%,"1,179",93%,0,0.0%,,,"1,261",,"3,226",,"April 6, 2020"
Lung Center of the Philippines (LCP),LCP,,,,340,50,15%,290,85%,0,0.0%,,,340,,"4,512",,"April 6, 2020"
Research Institute for Tropical Medicine (RITM),RITM,,,,"20,688","3,881",19%,"16,775",81%,26,0.1%,6,0.0%,"24,768",,"50,776",,"April 7, 2020"
Baguio General Hospital and Medical Center (BGHMC),BGHMC,,,,"1,141",28,2%,"1,113",98%,0,0.0%,0,0.0%,"1,153",,"3,758",,"April 7, 2020"
San Lazaro Hospital (SLH),SLH,,,,192,48,25%,144,75%,0,0.0%,0,0.0%,309,,"4,725",,"April 7, 2020"
Vicente Sotto Memorial Medical Center (VSMMC),VSMMC,,,,"1,032",25,2%,"1,007",98%,0,0.0%,0,0.0%,"1,202",,"23,284",,"April 7, 2020"
UP National Institutes of Health (UP-NIH),UP-NIH,,,,501,88,18%,398,79%,15,3.0%,0,0.0%,522,,"4,421",,"April 7, 2020"
Western Visayas Medical Center (WVMC),WVMC,,,,884,36,4%,848,96%,0,0.0%,0,0.0%,912,,"3,888",,"April 7, 2020"
Southern Philippines Medical Center (SPMC),SPMC,,,,"1,587",97,6%,"1,490",94%,0,0.0%,0,0.0%,"1,625",,"2,826",,"April 7, 2020"
Lung Center of the Philippines (LCP),LCP,,,,423,55,13%,368,87%,0,0.0%,0,0.0%,423,,"4,424",,"April 7, 2020"
Bicol Regional Diagnostic and Reference Laboratory (BRDRL),BRDRL,,,,25,0,0%,25,100%,0,0.0%,0,0.0%,28,,"5,142",,"April 7, 2020"
St. Luke's Medical Center - Quezon City (SLMC-QC),SLMC-QC,,,,80,10,13%,70,88%,0,0.0%,0,0.0%,80,,"2,000",,"April 7, 2020"
Research Institute for Tropical Medicine (RITM),RITM,165,"2,335","1,826","23,023","4,046",18%,"18,944",82%,26,0.1%,7,0.0%,"26,594",,"42,952",,"April 8, 2020"
Baguio General Hospital and Medical Center (BGHMC),BGHMC,4,179,184,"1,320",32,2%,"1,288",98%,0,0.0%,0,0.0%,"1,337",,"3,538",,"April 8, 2020"
San Lazaro Hospital (SLH),SLH,2,43,46,235,50,21%,185,79%,0,0.0%,0,0.0%,355,,"4,636",,"April 8, 2020"
Vicente Sotto Memorial Medical Center (VSMMC),VSMMC,0,63,67,"1,095",25,2%,"1,070",98%,0,0.0%,0,0.0%,"1,269",,"23,112",,"April 8, 2020"
UP National Institutes of Health (UP-NIH),UP-NIH,13,29,31,512,101,20%,409,80%,0,0.0%,2,0.4%,553,,"4,421",,"April 8, 2020"
Western Visayas Medical Center (WVMC),WVMC,0,54,148,938,36,4%,902,96%,0,0.0%,0,0.0%,"1,060",,"3,600",,"April 8, 2020"
Southern Philippines Medical Center (SPMC),SPMC,3,57,161,"1,644",100,6%,"1,543",94%,1,0.1%,0,0.0%,"1,786",,"2,669",,"April 8, 2020"
Lung Center of the Philippines (LCP),LCP,7,148,148,571,62,11%,509,89%,0,0.0%,0,0.0%,571,,"4,263",,"April 8, 2020"
Bicol Regional Diagnostic and Reference Laboratory (BRDRL),BRDRL,2,34,34,59,2,3%,57,97%,0,0.0%,0,0.0%,62,,"5,128",,"April 8, 2020"
St. Luke's Medical Center - Quezon City (SLMC-QC),SLMC-QC,8,95,95,175,18,10%,157,90%,0,0.0%,0,0.0%,175,,"1,800",,"April 8, 2020"
Research Institute for Tropical Medicine (RITM),RITM,146,948,"1,133","23,971","4,192",17%,"19,750",82%,26,0.1%,3,0.0%,"27,727",,"40,664",,"April 9, 2020"
Baguio General Hospital and Medical Center (BGHMC),BGHMC,0,87,91,"1,407",32,2%,"1,375",98%,0,0.0%,0,0.0%,"1,428",,"3,418",,"April 9, 2020"
San Lazaro Hospital (SLH),SLH,7,80,80,315,57,18%,258,82%,0,0.0%,0,0.0%,435,,"4,571",,"April 9, 2020"
Vicente Sotto Memorial Medical Center (VSMMC),VSMMC,0,157,174,"1,252",25,2%,"1,227",98%,0,0.0%,3,0.2%,"1,443",,"22,896",,"April 9, 2020"
UP National Institutes of Health (UP-NIH),UP-NIH,4,21,21,533,105,20%,427,80%,0,0.0%,1,0.2%,574,,"4,242",,"April 9, 2020"
Western Visayas Medical Center (WVMC),WVMC,0,245,247,"1,183",36,3%,"1,147",97%,0,0.0%,0,0.0%,"1,307",,"3,432",,"April 9, 2020"
Southern Philippines Medical Center (SPMC),SPMC,0,179,195,"1,823",100,5%,"1,722",94%,1,0.1%,2,0.1%,"1,981",,"2,669",,"April 9, 2020"
Lung Center of the Philippines (LCP),LCP,3,89,89,660,65,10%,595,90%,0,0.0%,1,0.2%,660,,"4,163",,"April 9, 2020"
Bicol Regional Diagnostic and Reference Laboratory (BRDRL),BRDRL,1,4,7,63,3,5%,60,95%,0,0.0%,0,0.0%,69,,"5,116",,"April 9, 2020"
St. Luke's Medical Center - Quezon City (SLMC-QC),SLMC-QC,31,173,173,348,49,14%,155,45%,0,0.0%,0,0.0%,348,,"1,704",,"April 9, 2020"
Research Institute for Tropical Medicine (RITM),RITM,130,859,"1,053","24,830","4,322",17%,"20,480",82%,25,0.1%,3,0.0%,"28,780",,"40,664",,"April 10, 2020"
Southern Philippines Medical Center (SPMC),SPMC,0,37,45,"1,860",100,5%,"1,760",95%,0,0.0%,3,0.2%,"2,026",,"2,560",,"April 10, 2020"
Baguio General Hospital and Medical Center (BGHMC),BGHMC,2,82,80,"1,489",34,2%,"1,455",98%,0,0.0%,0,0.0%,"1,508",,"3,318",,"April 10, 2020"
Vicente Sotto Memorial Medical Center (VSMMC),VSMMC,0,52,62,"1,304",25,2%,"1,279",98%,15,1.2%,7,0.5%,"1,505",,"22,824",,"April 10, 2020"
Western Visayas Medical Center (WVMC),WVMC,0,0,0,"1,183",36,3%,"1,147",97%,0,0.0%,0,0.0%,"1,307",,"3,432",,"April 10, 2020"
Lung Center of the Philippines (LCP),LCP,3,93,93,753,68,9%,685,91%,0,0.0%,0,0.0%,753,,"4,037",,"April 10, 2020"
UP National Institutes of Health (UP-NIH),UP-NIH,7,39,40,572,112,20%,455,80%,0,0.0%,5,0.9%,614,,"4,142",,"April 10, 2020"
St. Luke's Medical Center - Quezon City (SLMC-QC),SLMC-QC,11,83,83,431,60,14%,371,86%,0,0.0%,0,0.0%,431,,"1,560",,"April 10, 2020"
San Lazaro Hospital (SLH),SLH,0,0,0,315,57,18%,258,82%,0,0.0%,0,0.0%,435,,"4,571",,"April 10, 2020"
Bicol Regional Diagnostic and Reference Laboratory (BRDRL),BRDRL,0,0,0,63,3,5%,60,95%,0,0.0%,0,0.0%,69,,"5,097",,"April 10, 2020"
Research Institute for Tropical Medicine (RITM),RITM,83,570,710,"25,400","4,405",17%,"20,967",83%,25,0.1%,3,0.0%,"29,490",,"35,664",,"April 11, 2020"
Baguio General Hospital and Medical Center (BGHMC),BGHMC,1,185,190,"1,674",35,2%,"1,639",98%,0,0.0%,0,0.0%,"1,698",,"3,178",,"April 11, 2020"
San Lazaro Hospital (SLH),SLH,0,0,0,315,57,18%,258,82%,0,0.0%,0,0.0%,435,,"4,571",,"April 11, 2020"
Vicente Sotto Memorial Medical Center (VSMMC),VSMMC,3,87,108,"1,391",28,2%,"1,363",98%,0,0.0%,0,0.0%,"1,613",,"22,608",,"April 11, 2020"
UP National Institutes of Health (UP-NIH),UP-NIH,7,26,29,583,117,20%,466,80%,0,0.0%,0,0.0%,643,,"4,100",,"April 11, 2020"
Western Visayas Medical Center (WVMC),WVMC,0,99,103,"1,282",36,3%,"1,246",97%,0,0.0%,0,0.0%,"1,410",,"3,432",,"April 11, 2020"
Southern Philippines Medical Center (SPMC),SPMC,3,45,54,"1,908",103,5%,"1,802",94%,0,0.0%,3,0.2%,"2,084",,"2,450",,"April 11, 2020"
Lung Center of the Philippines (LCP),LCP,0,0,0,753,68,9%,685,91%,0,0.0%,0,0.0%,753,,"4,037",,"April 11, 2020"
Bicol Regional Diagnostic and Reference Laboratory (BRDRL),BRDRL,1,14,14,77,4,5%,73,95%,0,0.0%,0,0.0%,83,,"5,097",,"April 11, 2020"
St. Luke's Medical Center - Quezon City (SLMC-QC),SLMC-QC,0,0,0,431,60,14%,371,86%,0,0.0%,0,0.0%,431,,"1,488",,"April 11, 2020"
Research Institute for Tropical Medicine (RITM),RITM,226,"1,140","1,360","26,540","4,631",17%,"21,881",82%,25,0.1%,3,0.0%,"30,850",,"35,664",,"April 12, 2020"
Baguio General Hospital and Medical Center (BGHMC),BGHMC,1,270,276,"1,944",36,2%,"1,908",98%,0,0.0%,0,0.0%,"1,974",,"2,773",,"April 12, 2020"
San Lazaro Hospital (SLH),SLH,0,0,0,315,57,18%,258,82%,0,0.0%,0,0.0%,435,,"4,571",,"April 12, 2020"
Vicente Sotto Memorial Medical Center (VSMMC),VSMMC,0,10,17,"1,401",28,2%,"1,373",98%,0,0.0%,0,0.0%,"1,630",,"22,584",,"April 12, 2020"
UP National Institutes of Health (UP-NIH),UP-NIH,3,8,10,591,120,20%,471,80%,0,0.0%,0,0.0%,653,,"4,080",,"April 12, 2020"
Western Visayas Medical Center (WVMC),WVMC,1,97,107,"1,379",37,3%,"1,342",97%,0,0.0%,0,0.0%,"1,517",,"3,192",,"April 12, 2020"
Southern Philippines Medical Center (SPMC),SPMC,0,0,0,"1,908",103,5%,"1,802",94%,0,0.0%,3,0.2%,"2,084",,"2,450",,"April 12, 2020"
Lung Center of the Philippines (LCP),LCP,5,93,93,850,73,9%,776,91%,0,0.0%,1,0.1%,864,,"3,930",,"April 12, 2020"
Bicol Regional Diagnostic and Reference Laboratory (BRDRL),BRDRL,0,0,0,77,4,5%,73,95%,0,0.0%,0,0.0%,83,,"5,097",,"April 12, 2020"
St. Luke's Medical Center - Quezon City (SLMC-QC),SLMC-QC,10,92,92,799,98,12%,701,88%,0,0.0%,0,0.0%,799,,"1,272",,"April 12, 2020"
Research Institute for Tropical Medicine (RITM),RITM,367,"1,934","2,226","28,474","4,998",18%,"23,447",82%,25,0.1%,4,0.0%,"33,076",,"50,664",,"April 13, 2020"
Baguio General Hospital and Medical Center (BGHMC),BGHMC,0,41,45,"1,985",36,2%,"1,949",98%,0,0.0%,0,0.0%,"2,019",,"2,708",,"April 13, 2020"
San Lazaro Hospital (SLH),SLH,6,43,45,358,63,18%,295,82%,0,0.0%,0,0.0%,480,,"4,522",,"April 13, 2020"
Vicente Sotto Memorial Medical Center (VSMMC),VSMMC,0,31,32,"1,432",28,2%,"1,404",98%,0,0.0%,0,0.0%,"1,662",,"22,488",,"April 13, 2020"
UP National Institutes of Health (UP-NIH),UP-NIH,23,134,144,725,143,20%,570,79%,3,0.4%,9,1.2%,797,,"3,922",,"April 13, 2020"
Western Visayas Medical Center (WVMC),WVMC,0,0,0,"1,379",37,3%,"1,342",97%,0,0.0%,0,0.0%,"1,517",,"3,192",,"April 13, 2020"
Southern Philippines Medical Center (SPMC),SPMC,2,7,10,"1,915",105,5%,"1,807",94%,0,0.0%,3,0.2%,"2,094",,"2,450",,"April 13, 2020"
Lung Center of the Philippines (LCP),LCP,11,109,109,959,84,9%,874,91%,0,0.0%,1,0.1%,973,,"3,750",,"April 13, 2020"
Bicol Regional Diagnostic and Reference Laboratory (BRDRL),BRDRL,0,0,0,77,4,5%,73,95%,0,0.0%,0,0.0%,83,,"4,854",,"April 13, 2020"
St. Luke's Medical Center - Quezon City (SLMC-QC),SLMC-QC,0,0,0,799,98,12%,701,88%,0,0.0%,0,0.0%,799,,"1,200",,"April 13, 2020"
Research Institute for Tropical Medicine (RITM),RITM,95,788,834,"29,262","5,093",17%,"24,137",82%,25,0.1%,7,0.0%,"33,910",,"50,664",,"April 14, 2020"
Baguio General Hospital and Medical Center (BGHMC),BGHMC,6,214,216,"2,199",42,2%,"2,157",98%,0,0.0%,0,0.0%,"2,235",,"2,443",,"April 14, 2020"
San Lazaro Hospital (SLH),SLH,5,30,30,388,68,18%,320,82%,0,0.0%,0,0.0%,510,,"4,488",,"April 14, 2020"
Vicente Sotto Memorial Medical Center (VSMMC),VSMMC,7,102,130,"1,534",35,2%,"1,499",98%,0,0.0%,0,0.0%,"1,792",,"22,128",,"April 14, 2020"
UP National Institutes of Health (UP-NIH),UP-NIH,3,47,47,772,146,19%,614,80%,3,0.4%,9,1.2%,844,,"3,867",,"April 14, 2020"
Western Visayas Medical Center (WVMC),WVMC,0,43,89,"1,422",37,3%,"1,385",97%,0,0.0%,0,0.0%,"1,606",,"3,096",,"April 14, 2020"
Southern Philippines Medical Center (SPMC),SPMC,3,60,79,"1,975",108,5%,"1,864",94%,0,0.0%,3,0.2%,"2,173",,"2,337",,"April 14, 2020"
Lung Center of the Philippines (LCP),LCP,17,214,214,"1,173",101,9%,"1,070",91%,0,0.0%,2,0.2%,"1,187",,"3,500",,"April 14, 2020"
Bicol Regional Diagnostic and Reference Laboratory (BRDRL),BRDRL,1,25,26,102,5,5%,97,95%,0,0.0%,0,0.0%,109,,"4,835",,"April 14, 2020"
St. Luke's Medical Center - Quezon City (SLMC-QC),SLMC-QC,47,265,265,"1,064",145,14%,919,86%,0,0.0%,0,0.0%,"1,064",,"1,056",,"April 14, 2020"
Makati Medical Center (MMC),MMC,0,23,23,23,0,0%,23,100%,0,0.0%,0,0.0%,23,,"1,901",,"April 14, 2020"
Detoxicare Molecular Diagnostics Laboratory,,0,13,13,13,0,0%,13,100%,0,0.0%,0,0.0%,13,,970,,"April 14, 2020"
The Medical City (TMC),TMC,2,20,20,20,2,10%,18,90%,0,0.0%,0,0.0%,20,,"1,945",,"April 14, 2020"
Research Institute for Tropical Medicine (RITM),RITM,305,"1,372","1,622","30,634","5,398",18%,"25,204",82%,25,0.1%,7,0.0%,"35,532",,"45,864",,"April 15, 2020"
Baguio General Hospital and Medical Center (BGHMC),BGHMC,0,78,81,"2,277",42,2%,"2,235",98%,0,0.0%,0,0.0%,"2,316",,"2,338",,"April 15, 2020"
San Lazaro Hospital (SLH),SLH,21,91,91,409,89,22%,320,78%,0,0.0%,0,0.0%,601,,"4,389",,"April 15, 2020"
Vicente Sotto Memorial Medical Center (VSMMC),VSMMC,23,156,216,"1,690",58,3%,"1,632",97%,0,0.0%,0,0.0%,"2,008",,"21,984",,"April 15, 2020"
UP National Institutes of Health (UP-NIH),UP-NIH,36,116,118,876,182,21%,690,79%,0,0.0%,4,0.5%,962,,"3,729",,"April 15, 2020"
Western Visayas Medical Center (WVMC),WVMC,2,50,52,"1,472",39,3%,"1,433",97%,0,0.0%,0,0.0%,"1,658",,"3,796",,"April 15, 2020"
Southern Philippines Medical Center (SPMC),SPMC,2,39,97,"2,055",110,5%,"1,942",95%,0,0.0%,3,0.1%,"2,270",,"2,222",,"April 15, 2020"
Lung Center of the Philippines (LCP),LCP,10,186,186,"1,358",111,8%,"1,245",92%,0,0.0%,2,0.1%,"1,373",,"3,300",,"April 15, 2020"
Bicol Regional Diagnostic and Reference Laboratory (BRDRL),BRDRL,0,9,9,111,5,5%,106,95%,0,0.0%,0,0.0%,118,,"4,816",,"April 15, 2020"
St. Luke's Medical Center - Quezon City (SLMC-QC),SLMC-QC,0,0,0,"1,064",145,14%,919,86%,0,0.0%,0,0.0%,"1,064",,936,,"April 15, 2020"
Makati Medical Center (MMC),MMC,2,127,127,150,2,1%,148,99%,0,0.0%,0,0.0%,150,,"1,797",,"April 15, 2020"
Detoxicare Molecular Diagnostics Laboratory,,0,5,5,18,0,0%,17,94%,0,0.0%,1,5.6%,18,,960,,"April 15, 2020"
The Medical City (TMC),TMC,5,40,40,60,7,12%,53,88%,0,0.0%,0,0.0%,60,,"1,917",,"April 15, 2020"
V. Luna Hospital,,0,41,41,41,0,0%,41,100%,0,0.0%,0,0.0%,41,,"9,956",,"April 15, 2020"
Research Institute for Tropical Medicine (RITM),RITM,161,"1,213","1,387","31,847","5,559",17%,"26,256",82%,24,0.1%,8,0.0%,"36,919",,"40,848",,"April 16, 2020"
Baguio General Hospital and Medical Center (BGHMC),BGHMC,0,132,136,"2,409",42,2%,"2,367",98%,0,0.0%,0,0.0%,"2,452",,"2,163",,"April 16, 2020"
San Lazaro Hospital (SLH),SLH,14,124,124,603,103,17%,497,82%,0,0.0%,3,0.5%,725,,"4,257",,"April 16, 2020"
Vicente Sotto Memorial Medical Center (VSMMC),VSMMC,28,223,237,"1,913",86,4%,"1,827",96%,0,0.0%,0,0.0%,"2,245",,"21,480",,"April 16, 2020"
UP National Institutes of Health (UP-NIH),UP-NIH,16,130,131,"1,002",198,20%,803,80%,1,0.1%,0,0.0%,"1,093",,"3,568",,"April 16, 2020"
Western Visayas Medical Center (WVMC),WVMC,5,72,171,"1,544",44,3%,"1,500",97%,0,0.0%,0,0.0%,"1,829",,"3,548",,"April 16, 2020"
Southern Philippines Medical Center (SPMC),SPMC,8,97,159,"2,195",118,5%,"2,074",94%,0,0.0%,3,0.1%,"2,429",,"2,045",,"April 16, 2020"
Lung Center of the Philippines (LCP),LCP,6,279,279,"1,637",117,7%,"1,518",93%,0,0.0%,2,0.1%,"1,652",,"3,000",,"April 16, 2020"
Bicol Regional Diagnostic and Reference Laboratory (BRDRL),BRDRL,0,15,15,126,5,4%,121,96%,0,0.0%,0,0.0%,133,,"4,781",,"April 16, 2020"
St. Luke's Medical Center - Quezon City (SLMC-QC),SLMC-QC,NR,NR,NR,"1,064",145,14%,919,86%,0,0.0%,0,0.0%,"1,064",,936,,"April 16, 2020"
Makati Medical Center (MMC),MMC,4,31,31,181,6,3%,175,97%,0,0.0%,0,0.0%,181,,"1,762",,"April 16, 2020"
Detoxicare Molecular Diagnostics Laboratory,,0,1,1,19,0,0%,18,95%,0,0.0%,1,5.3%,19,,960,,"April 16, 2020"
The Medical City (TMC),TMC,6,33,33,93,13,14%,80,86%,0,0.0%,0,0.0%,93,,"1,891",,"April 16, 2020"
V. Luna Hospital,,1,20,20,61,1,2%,60,98%,0,0.0%,0,0.0%,61,,"9,932",,"April 16, 2020"
Philippine Red Cross (PRC),PRC,4,258,258,258,4,2%,254,98%,0,0.0%,0,0.0%,258,,"10,000",,"April 16, 2020"
St. Luke's Medical Center - BGC (SLMC-BGC),SLMC-BGC,57,928,929,928,57,6%,871,94%,0,0.0%,0,0.0%,929,,"4,790",,"April 16, 2020"
Research Institute for Tropical Medicine (RITM),RITM,213,995,"1,164","32,842","5,772",18%,"27,038",82%,24,0.1%,8,0.0%,"38,083",,"31,648",,"April 17, 2020"
Baguio General Hospital and Medical Center (BGHMC),BGHMC,0,330,330,"2,730",42,2%,"2,688",98%,0,0.0%,0,0.0%,"2,782",,"1,763",,"April 17, 2020"
San Lazaro Hospital (SLH),SLH,3,73,91,676,106,16%,567,84%,0,0.0%,3,0.4%,816,,"4,154",,"April 17, 2020"
Vicente Sotto Memorial Medical Center (VSMMC),VSMMC,85,417,423,"2,330",171,7%,"2,159",93%,0,0.0%,0,0.0%,"2,668",,"21,072",,"April 17, 2020"
UP National Institutes of Health (UP-NIH),UP-NIH,8,96,96,"1,098",206,19%,890,81%,2,0.2%,0,0.0%,"1,189",,"3,464",,"April 17, 2020"
Western Visayas Medical Center (WVMC),WVMC,1,79,100,"1,623",45,3%,"1,578",97%,0,0.0%,0,0.0%,"1,929",,"3,324",,"April 17, 2020"
Southern Philippines Medical Center (SPMC),SPMC,0,46,54,"2,241",118,5%,"2,120",95%,0,0.0%,3,0.1%,"2,483",,"1,987",,"April 17, 2020"
Lung Center of the Philippines (LCP),LCP,13,446,459,"2,095",130,6%,"1,964",94%,0,0.0%,1,0.0%,"2,111",,"2,400",,"April 17, 2020"
Bicol Regional Diagnostic and Reference Laboratory (BRDRL),BRDRL,0,14,15,140,5,4%,135,96%,0,0.0%,0,0.0%,148,,"4,700",,"April 17, 2020"
St. Luke's Medical Center - Quezon City (SLMC-QC),SLMC-QC,33,276,276,"1,340",178,13%,"1,162",87%,0,0.0%,0,0.0%,"1,340",,672,,"April 17, 2020"
Makati Medical Center (MMC),MMC,13,121,121,302,19,6%,283,94%,0,0.0%,0,0.0%,302,,"1,617",,"April 17, 2020"
Detoxicare Molecular Diagnostics Laboratory,,1,46,46,65,1,2%,63,97%,0,0.0%,1,1.5%,65,,905,,"April 17, 2020"
The Medical City (TMC),TMC,5,69,69,162,18,11%,144,89%,0,0.0%,0,0.0%,162,,"1,816",,"April 17, 2020"
V. Luna Hospital,,0,24,24,85,1,1%,84,99%,0,0.0%,0,0.0%,85,,"9,903",,"April 17, 2020"
Philippine Red Cross (PRC),PRC,10,358,358,616,14,2%,602,98%,0,0.0%,0,0.0%,616,,"10,000",,"April 17, 2020"
St. Luke's Medical Center - BGC (SLMC-BGC),SLMC-BGC,8,291,291,"1,219",65,5%,"1,154",95%,0,0.0%,0,0.0%,"1,220",,"3,846",,"April 17, 2020"
Chinese General Hospital (CGH),CGH,3,49,49,49,3,6%,46,94%,0,0.0%,0,0.0%,49,,"1,610",,"April 17, 2020"
Research Institute for Tropical Medicine (RITM),RITM,178,"1,035","1,247","33,877","5,950",18%,"27,895",82%,24,0.1%,8,0.0%,"39,330",,"31,648",,"April 18, 2020"
Baguio General Hospital and Medical Center (BGHMC),BGHMC,0,330,330,"2,730",42,2%,"2,688",98%,0,0.0%,0,0.0%,"3,112",,"1,763",,"April 18, 2020"
San Lazaro Hospital (SLH),SLH,11,227,288,903,117,13%,783,87%,0,0.0%,3,0.3%,"1,104",,"3,851",,"April 18, 2020"
Vicente Sotto Memorial Medical Center (VSMMC),VSMMC,7,245,256,"2,575",178,7%,"2,397",93%,0,0.0%,0,0.0%,"2,924",,"20,904",,"April 18, 2020"
UP National Institutes of Health (UP-NIH),UP-NIH,4,84,85,"1,182",210,18%,968,82%,4,0.3%,0,0.0%,"1,274",,"3,464",,"April 18, 2020"
Western Visayas Medical Center (WVMC),WVMC,4,240,241,"1,863",49,3%,"1,814",97%,0,0.0%,0,0.0%,"2,170",,"3,124",,"April 18, 2020"
Southern Philippines Medical Center (SPMC),SPMC,4,115,159,"2,368",122,5%,"2,243",95%,0,0.0%,3,0.1%,"2,642",,"1,803",,"April 18, 2020"
Lung Center of the Philippines (LCP),LCP,1,181,181,"2,277",131,6%,"2,144",94%,0,0.0%,2,0.1%,"2,292",,"2,220",,"April 18, 2020"
Bicol Regional Diagnostic and Reference Laboratory (BRDRL),BRDRL,6,34,34,174,11,6%,163,94%,0,0.0%,0,0.0%,182,,"4,700",,"April 18, 2020"
V. Luna Hospital,,0,16,16,101,1,1%,100,99%,0,0.0%,0,0.0%,101,,"9,881",,"April 18, 2020"
Detoxicare Molecular Diagnostics Laboratory,,0,3,3,68,1,1%,66,97%,0,0.0%,1,1.5%,68,,899,,"April 18, 2020"
Makati Medical Center (MMC),MMC,12,266,266,568,31,5%,537,95%,0,0.0%,0,0.0%,568,,"1,324",,"April 18, 2020"
St. Luke's Medical Center - Quezon City (SLMC-QC),SLMC-QC,2,92,92,"1,524",187,12%,"1,337",88%,0,0.0%,0,0.0%,"1,524",,600,,"April 18, 2020"
The Medical City (TMC),TMC,5,70,70,232,23,10%,209,90%,0,0.0%,0,0.0%,232,,"1,741",,"April 18, 2020"
Philippine Red Cross (PRC),PRC,6,64,64,"1,277",71,6%,"1,206",94%,0,0.0%,0,0.0%,"1,284",,"11,180",,"April 18, 2020"
St. Luke's Medical Center - BGC (SLMC-BGC),SLMC-BGC,23,399,399,"1,014",36,4%,978,96%,0,0.0%,0,0.0%,"1,014",,"82,752",,"April 18, 2020"
Chinese General Hospital (CGH),CGH,3,55,58,104,6,6%,98,94%,0,0.0%,0,0.0%,107,,"1,550",,"April 18, 2020"
Research Institute for Tropical Medicine (RITM),RITM,18,473,654,"34,350","5,968",17%,"28,349",83%,25,0.1%,8,0.0%,"39,984",,"31,648",,"April 19, 2020"
Baguio General Hospital and Medical Center (BGHMC),BGHMC,0,178,184,"3,107",42,1%,"3,065",99%,0,0.0%,0,0.0%,"3,172",,"1,275",,"April 19, 2020"
San Lazaro Hospital (SLH),SLH,12,215,215,"1,118",129,12%,983,88%,0,0.0%,6,0.5%,"1,319",,"3,627",,"April 19, 2020"
Vicente Sotto Memorial Medical Center (VSMMC),VSMMC,4,116,118,"2,691",182,7%,"2,509",93%,0,0.0%,0,0.0%,"3,042",,"20,736",,"April 19, 2020"
UP National Institutes of Health (UP-NIH),UP-NIH,12,82,82,"1,264",222,18%,"1,034",82%,8,0.6%,0,0.0%,"1,356",,"3,225",,"April 19, 2020"
Western Visayas Medical Center (WVMC),WVMC,0,40,42,"1,903",49,3%,"1,854",97%,0,0.0%,0,0.0%,"2,212",,"3,052",,"April 19, 2020"
Southern Philippines Medical Center (SPMC),SPMC,3,34,39,"2,402",125,5%,"2,274",95%,0,0.0%,3,0.1%,"2,681",,"11,759",,"April 19, 2020"
Lung Center of the Philippines (LCP),LCP,3,88,88,"2,365",134,6%,"2,229",94%,0,0.0%,2,0.1%,"2,380",,"2,100",,"April 19, 2020"
Bicol Regional Diagnostic and Reference Laboratory (BRDRL),BRDRL,0,0,0,174,11,6%,163,94%,0,0.0%,0,0.0%,182,,"4,700",,"April 19, 2020"
V. Luna Hospital,,0,0,0,101,1,1%,100,99%,0,0.0%,0,0.0%,101,,"9,881",,"April 19, 2020"
Detoxicare Molecular Diagnostics Laboratory,,2,112,112,179,3,2%,176,98%,0,0.0%,0,0.0%,179,,779,,"April 19, 2020"
Makati Medical Center (MMC),MMC,0,0,0,568,31,5%,537,95%,0,0.0%,0,0.0%,568,,"1,324",,"April 19, 2020"
St. Luke's Medical Center - Quezon City (SLMC-QC),SLMC-QC,35,88,88,"1,612",222,14%,"1,390",86%,0,0.0%,0,0.0%,"1,612",,600,,"April 19, 2020"
The Medical City (TMC),TMC,6,33,33,265,29,11%,236,89%,0,0.0%,0,0.0%,265,,"1,741",,"April 19, 2020"
St. Luke's Medical Center - BGC (SLMC-BGC),SLMC-BGC,56,369,419,"1,646",127,8%,"1,519",92%,0,0.0%,0,0.0%,"1,702",,"11,029",,"April 19, 2020"
Philippine Red Cross (PRC),PRC,55,576,576,"1,590",91,6%,"1,499",94%,0,0.0%,0,0.0%,"1,590",,"81,672",,"April 19, 2020"
Chinese General Hospital (CGH),CGH,1,26,26,130,7,5%,123,95%,0,0.0%,0,0.0%,130,,"1,298",,"April 19, 2020"
Research Institute for Tropical Medicine (RITM),RITM,27,499,644,"34,849","5,995",17%,"28,821",83%,25,0.1%,8,0.0%,"40,628",,"28,552",,"April 20, 2020"
Baguio General Hospital and Medical Center (BGHMC),BGHMC,1,141,144,"3,248",43,1%,"3,205",99%,0,0.0%,0,0.0%,"3,316",,"1,100",,"April 20, 2020"
San Lazaro Hospital (SLH),SLH,1,183,183,"1,301",130,10%,"1,165",90%,0,0.0%,6,0.5%,"1,502",,"3,436",,"April 20, 2020"
Vicente Sotto Memorial Medical Center (VSMMC),VSMMC,2,201,207,"2,892",184,6%,"2,708",94%,0,0.0%,0,0.0%,"3,249",,"20,424",,"April 20, 2020"
UP National Institutes of Health (UP-NIH),UP-NIH,9,92,93,"1,356",231,17%,"1,117",82%,8,0.6%,0,0.0%,"1,449",,"3,093",,"April 20, 2020"
Western Visayas Medical Center (WVMC),WVMC,0,80,85,"1,983",49,2%,"1,934",98%,0,0.0%,0,0.0%,"2,297",,"2,880",,"April 20, 2020"
Southern Philippines Medical Center (SPMC),SPMC,5,158,196,"2,560",130,5%,"2,427",95%,0,0.0%,3,0.1%,"2,877",,"11,525",,"April 20, 2020"
Lung Center of the Philippines (LCP),LCP,4,186,186,"2,551",138,5%,"2,411",95%,0,0.0%,2,0.1%,"2,566",,"1,900",,"April 20, 2020"
Bicol Regional Diagnostic and Reference Laboratory (BRDRL),BRDRL,0,0,0,174,11,6%,163,94%,0,0.0%,0,0.0%,182,,"4,646",,"April 20, 2020"
V. Luna Hospital,,1,13,14,114,2,2%,112,98%,0,0.0%,0,0.0%,115,,"9,861",,"April 20, 2020"
Detoxicare Molecular Diagnostics Laboratory,,20,120,120,299,23,8%,276,92%,0,0.0%,0,0.0%,299,,647,,"April 20, 2020"
Makati Medical Center (MMC),MMC,15,108,108,676,46,7%,630,93%,0,0.0%,0,0.0%,676,,"1,139",,"April 20, 2020"
St. Luke's Medical Center - Quezon City (SLMC-QC),SLMC-QC,7,92,92,"1,704",229,13%,"1,475",87%,0,0.0%,0,0.0%,"1,704",,288,,"April 20, 2020"
The Medical City (TMC),TMC,16,86,86,351,45,13%,306,87%,0,0.0%,0,0.0%,351,,"1,773",,"April 20, 2020"
St. Luke's Medical Center - BGC (SLMC-BGC),SLMC-BGC,28,226,243,"1,872",155,8%,"1,715",92%,0,0.0%,2,0.1%,"1,945",,"10,997",,"April 20, 2020"
Philippine Red Cross (PRC),PRC,6,99,99,"1,689",97,6%,"1,592",94%,0,0.0%,0,0.0%,"1,689",,"81,672",,"April 20, 2020"
Chinese General Hospital (CGH),CGH,17,159,159,453,39,9%,414,91%,0,0.0%,0,0.0%,456,,"1,128",,"April 20, 2020"
Research Institute for Tropical Medicine (RITM),RITM,18,640,805,"35,489","5,995",17%,"29,461",83%,25,0.1%,8,0.0%,"41,433",,"18,784",,"April 21, 2020"
Baguio General Hospital and Medical Center (BGHMC),BGHMC,0,186,190,"3,434",43,1%,"3,391",99%,0,0.0%,0,0.0%,"3,506",,885,,"April 21, 2020"
San Lazaro Hospital (SLH),SLH,6,128,128,"1,429",136,10%,"1,287",90%,0,0.0%,6,0.4%,"1,630",,"3,100",,"April 21, 2020"
Vicente Sotto Memorial Medical Center (VSMMC),VSMMC,7,53,57,"2,945",191,6%,"2,754",94%,0,0.0%,0,0.0%,"3,306",,920,,"April 21, 2020"
UP National Institutes of Health (UP-NIH),UP-NIH,40,267,271,"1,623",271,17%,"1,294",80%,12,0.7%,46,2.8%,"1,720",,"2,799",,"April 21, 2020"
Western Visayas Medical Center (WVMC),WVMC,2,164,178,"2,147",51,2%,"2,096",98%,0,0.0%,0,0.0%,"2,475",,"2,736",,"April 21, 2020"
Southern Philippines Medical Center (SPMC),SPMC,2,121,179,"2,681",132,5%,"2,546",95%,0,0.0%,3,0.1%,"3,056",,"11,330",,"April 21, 2020"
Lung Center of the Philippines (LCP),LCP,6,93,93,"2,644",144,5%,"2,498",94%,0,0.0%,2,0.1%,"2,659",,"1,800",,"April 21, 2020"
Bicol Regional Diagnostic and Reference Laboratory (BRDRL),BRDRL,3,41,42,215,14,7%,198,92%,3,1.4%,0,0.0%,224,,"4,587",,"April 21, 2020"
V. Luna Hospital,,1,25,29,139,3,2%,136,98%,0,0.0%,0,0.0%,144,,"9,825",,"April 21, 2020"
Detoxicare Molecular Diagnostics Laboratory,,2,60,60,359,25,7%,334,93%,0,0.0%,0,0.0%,359,,583,,"April 21, 2020"
Makati Medical Center (MMC),MMC,27,160,160,836,73,9%,763,91%,0,0.0%,0,0.0%,836,,964,,"April 21, 2020"
St. Luke's Medical Center - Quezon City (SLMC-QC),SLMC-QC,33,184,184,"1,888",262,14%,"1,626",86%,0,0.0%,0,0.0%,"1,888",,144,,"April 21, 2020"
The Medical City (TMC),TMC,11,39,39,390,56,14%,334,86%,0,0.0%,0,0.0%,390,,"1,773",,"April 21, 2020"
St. Luke's Medical Center - BGC (SLMC-BGC),SLMC-BGC,47,511,558,"2,430",202,8%,"2,228",92%,0,0.0%,0,0.0%,"2,503",,"10,534",,"April 21, 2020"
Philippine Red Cross (PRC),PRC,53,196,196,"1,885",150,8%,"1,735",92%,0,0.0%,0,0.0%,"1,885",,"70,000",,"April 21, 2020"
Chinese General Hospital (CGH),CGH,10,62,62,515,49,10%,466,90%,0,0.0%,0,0.0%,518,,"1,063",,"April 21, 2020"
Research Institute for Tropical Medicine (RITM),RITM,339,"1,033","1,157","36,522","6,334",17%,"30,161",83%,22,0.1%,5,0.0%,"42,590",,"20,944",,"April 22, 2020"
Baguio General Hospital and Medical Center (BGHMC),BGHMC,0,92,93,"3,526",43,1%,"3,483",99%,0,0.0%,0,0.0%,"3,599",,735,,"April 22, 2020"
San Lazaro Hospital (SLH),SLH,8,299,299,"1,728",144,8%,"1,578",91%,0,0.0%,6,0.3%,"1,929",,"2,785",,"April 22, 2020"
Vicente Sotto Memorial Medical Center (VSMMC),VSMMC,142,434,443,"3,379",333,10%,"3,045",90%,1,0.0%,0,0.0%,"3,749",,"19,700",,"April 22, 2020"
UP National Institutes of Health (UP-NIH),UP-NIH,32,290,298,"1,913",303,16%,"1,546",81%,18,0.9%,46,2.4%,"2,018",,"2,436",,"April 22, 2020"
Western Visayas Medical Center (WVMC),WVMC,3,243,277,"2,390",54,2%,"2,336",98%,0,0.0%,0,0.0%,"2,752",,"2,400",,"April 22, 2020"
Southern Philippines Medical Center (SPMC),SPMC,2,108,123,"2,789",134,5%,"2,652",95%,0,0.0%,3,0.1%,"3,179",,"11,194",,"April 22, 2020"
Lung Center of the Philippines (LCP),LCP,18,458,458,"3,102",162,5%,"2,938",95%,0,0.0%,2,0.1%,"3,117",,"1,300",,"April 22, 2020"
Bicol Regional Diagnostic and Reference Laboratory (BRDRL),BRDRL,6,32,38,253,20,8%,230,91%,3,1.2%,0,0.0%,262,,"4,446",,"April 22, 2020"
V. Luna Hospital,,0,31,31,170,3,2%,167,98%,0,0.0%,0,0.0%,175,,"9,786",,"April 22, 2020"
Detoxicare Molecular Diagnostics Laboratory,,0,5,5,364,25,7%,339,93%,0,0.0%,0,0.0%,364,,574,,"April 22, 2020"
Makati Medical Center (MMC),MMC,1,8,8,844,74,9%,770,91%,0,0.0%,0,0.0%,844,,888,,"April 22, 2020"
St. Luke's Medical Center - Quezon City (SLMC-QC),SLMC-QC,,,,"1,888",262,14%,"1,626",86%,0,0.0%,0,0.0%,"1,888",,144,,"April 22, 2020"
The Medical City (TMC),TMC,7,69,69,459,63,14%,396,86%,0,0.0%,0,0.0%,459,,"1,677",,"April 22, 2020"
St. Luke's Medical Center - BGC (SLMC-BGC),SLMC-BGC,0,73,164,"2,503",195,8%,"2,308",92%,0,0.0%,0,0.0%,"2,667",,"10,240",,"April 22, 2020"
Philippine Red Cross (PRC),PRC,10,217,217,"2,102",160,8%,"1,942",92%,0,0.0%,0,0.0%,"2,102",,"70,000",,"April 22, 2020"
Chinese General Hospital (CGH),CGH,20,134,134,649,69,11%,580,89%,0,0.0%,0,0.0%,652,,918,,"April 22, 2020"
Research Institute for Tropical Medicine (RITM),RITM,25,929,"1,120","37,451","6,359",17%,"31,065",83%,22,0.1%,5,0.0%,"43,710",,"18,944",,"April 23, 2020"
Baguio General Hospital and Medical Center (BGHMC),BGHMC,7,350,453,"3,876",50,1%,"3,826",99%,0,0.0%,0,0.0%,"4,052",,"3,185",,"April 23, 2020"
San Lazaro Hospital (SLH),SLH,14,274,274,"2,002",158,8%,"1,838",92%,0,0.0%,6,0.3%,"2,203",,"2,489",,"April 23, 2020"
Vicente Sotto Memorial Medical Center (VSMMC),VSMMC,20,346,356,"3,725",353,9%,"3,371",90%,1,0.0%,0,0.0%,"4,105",,"19,272",,"April 23, 2020"
UP National Institutes of Health (UP-NIH),UP-NIH,37,292,300,"2,205",340,15%,"1,793",81%,19,0.9%,53,2.4%,"2,318",,"2,116",,"April 23, 2020"
Western Visayas Medical Center (WVMC),WVMC,0,95,111,"2,485",54,2%,"2,431",98%,0,0.0%,0,0.0%,"2,863",,"2,280",,"April 23, 2020"
Southern Philippines Medical Center (SPMC),SPMC,1,166,210,"2,955",135,5%,"2,817",95%,0,0.0%,3,0.1%,"3,389",,"10,971",,"April 23, 2020"
Lung Center of the Philippines (LCP),LCP,41,341,341,"3,443",203,6%,"3,238",94%,0,0.0%,2,0.1%,"3,458",,"4,300",,"April 23, 2020"
Bicol Regional Diagnostic and Reference Laboratory (BRDRL),BRDRL,1,55,55,308,21,7%,284,92%,3,1.0%,0,0.0%,317,,"4,360",,"April 23, 2020"
V. Luna Hospital,,0,35,40,205,3,1%,202,99%,0,0.0%,0,0.0%,215,,"9,739",,"April 23, 2020"
Detoxicare Molecular Diagnostics Laboratory,,0,22,22,386,25,6%,361,94%,0,0.0%,0,0.0%,386,,548,,"April 23, 2020"
Makati Medical Center (MMC),MMC,8,107,107,951,82,9%,869,91%,0,0.0%,0,0.0%,951,,765,,"April 23, 2020"
St. Luke's Medical Center - Quezon City (SLMC-QC),SLMC-QC,12,93,93,"2,074",293,14%,"1,781",86%,0,0.0%,0,0.0%,"2,074",,960,,"April 23, 2020"
The Medical City (TMC),TMC,6,41,41,500,69,14%,431,86%,0,0.0%,0,0.0%,500,,"1,677",,"April 23, 2020"
St. Luke's Medical Center - BGC (SLMC-BGC),SLMC-BGC,11,238,287,"2,741",206,8%,"2,533",92%,0,0.0%,2,0.1%,"2,954",,"9,972",,"April 23, 2020"
Philippine Red Cross (PRC),PRC,59,626,626,"2,728",219,8%,"2,509",92%,0,0.0%,0,0.0%,"2,728",,"70,000",,"April 23, 2020"
Chinese General Hospital (CGH),CGH,6,81,81,730,75,10%,655,90%,0,0.0%,0,0.0%,733,,832,,"April 23, 2020"
Research Institute for Tropical Medicine (RITM),RITM,16,575,691,"38,026","6,375",17%,"31,625",83%,22,0.1%,4,0.0%,"44,401",,"13,144",,"April 24, 2020"
Baguio General Hospital and Medical Center (BGHMC),BGHMC,8,278,301,"4,153",58,1%,"4,079",98%,0,0.0%,16,0.4%,"4,353",,"2,885",,"April 24, 2020"
San Lazaro Hospital (SLH),SLH,4,229,238,"2,231",162,7%,"2,063",92%,0,0.0%,6,0.3%,"2,441",,"2,235",,"April 24, 2020"
Vicente Sotto Memorial Medical Center (VSMMC),VSMMC,32,267,277,"3,992",385,10%,"3,606",90%,1,0.0%,0,0.0%,"4,382",,"19,000",,"April 24, 2020"
UP National Institutes of Health (UP-NIH),UP-NIH,52,336,370,"2,541",392,15%,"2,069",81%,27,1.1%,53,2.1%,"2,688",,"1,698",,"April 24, 2020"
Western Visayas Medical Center (WVMC),WVMC,0,134,140,"2,619",54,2%,"2,565",98%,0,0.0%,0,0.0%,"3,003",,"2,088",,"April 24, 2020"
Southern Philippines Medical Center (SPMC),SPMC,6,91,120,"3,046",141,5%,"2,902",95%,0,0.0%,3,0.1%,"3,509",,"10,835",,"April 24, 2020"
Lung Center of the Philippines (LCP),LCP,36,759,759,"4,202",239,6%,"3,961",94%,0,0.0%,2,0.0%,"4,217",,"3,400",,"April 24, 2020"
Bicol Regional Diagnostic and Reference Laboratory (BRDRL),BRDRL,0,27,27,335,21,6%,311,93%,3,0.9%,0,0.0%,344,,"4,286",,"April 24, 2020"
V. Luna Hospital,,0,49,50,254,3,1%,251,99%,0,0.0%,0,0.0%,265,,"9,683",,"April 24, 2020"
Detoxicare Molecular Diagnostics Laboratory,,2,68,68,454,27,6%,427,94%,0,0.0%,0,0.0%,454,,468,,"April 24, 2020"
Makati Medical Center (MMC),MMC,4,103,103,"1,054",86,8%,968,92%,0,0.0%,0,0.0%,"1,054",,650,,"April 24, 2020"
St. Luke's Medical Center - Quezon City (SLMC-QC),SLMC-QC,,,,"2,074",293,14%,"1,781",86%,0,0.0%,0,0.0%,"2,074",,960,,"April 24, 2020"
The Medical City (TMC),TMC,13,54,54,554,82,15%,472,85%,0,0.0%,0,0.0%,554,,"1,537",,"April 24, 2020"
St. Luke's Medical Center - BGC (SLMC-BGC),SLMC-BGC,5,58,135,"2,799",211,8%,"2,588",92%,0,0.0%,0,0.0%,"3,089",,"8,380",,"April 24, 2020"
Philippine Red Cross (PRC),PRC,75,895,895,"3,623",294,8%,"3,329",92%,0,0.0%,0,0.0%,"3,623",,"70,000",,"April 24, 2020"
Chinese General Hospital (CGH),CGH,26,107,108,837,101,12%,736,88%,0,0.0%,0,0.0%,841,,722,,"April 24, 2020"
Research Institute for Tropical Medicine (RITM),RITM,104,"1,275","1,418","39,301","6,479",16%,"32,796",83%,22,0.1%,4,0.0%,"45,819",,"48,144",,"April 25, 2020"
Baguio General Hospital and Medical Center (BGHMC),BGHMC,10,219,250,"4,356",68,2%,"4,288",98%,0,0.0%,0,0.0%,"4,603",,"2,550",,"April 25, 2020"
San Lazaro Hospital (SLH),SLH,7,235,236,"2,466",169,7%,"2,291",93%,0,0.0%,6,0.2%,"2,677",,"1,889",,"April 25, 2020"
Vicente Sotto Memorial Medical Center (VSMMC),VSMMC,63,123,124,"4,115",448,11%,"3,666",89%,1,0.0%,0,0.0%,"4,506",,"18,700",,"April 25, 2020"
UP National Institutes of Health (UP-NIH),UP-NIH,57,338,369,"2,879",449,16%,"2,343",81%,34,1.2%,53,1.8%,"3,057",,"1,296",,"April 25, 2020"
Western Visayas Medical Center (WVMC),WVMC,5,186,193,"2,805",59,2%,"2,746",98%,0,0.0%,0,0.0%,"3,196",,"1,848",,"April 25, 2020"
Southern Philippines Medical Center (SPMC),SPMC,4,95,130,"3,141",145,5%,"2,993",95%,0,0.0%,3,0.1%,"3,639",,"10,705",,"April 25, 2020"
Lung Center of the Philippines (LCP),LCP,14,199,199,"4,401",253,6%,"4,146",94%,0,0.0%,2,0.0%,"4,416",,"3,150",,"April 25, 2020"
Bicol Regional Diagnostic and Reference Laboratory (BRDRL),BRDRL,0,62,63,397,21,5%,373,94%,3,0.8%,0,0.0%,407,,"4,216",,"April 25, 2020"
V. Luna Hospital,,0,55,56,309,3,1%,306,99%,0,0.0%,0,0.0%,321,,"9,619",,"April 25, 2020"
Detoxicare Molecular Diagnostics Laboratory,,3,36,36,490,30,6%,460,94%,0,0.0%,0,0.0%,490,,426,,"April 25, 2020"
Makati Medical Center (MMC),MMC,5,80,80,"1,134",91,8%,"1,043",92%,0,0.0%,0,0.0%,"1,134",,572,,"April 25, 2020"
St. Luke's Medical Center - Quezon City (SLMC-QC),SLMC-QC,,,,"2,074",293,14%,"1,781",86%,0,0.0%,0,0.0%,"2,074",,960,,"April 25, 2020"
The Medical City (TMC),TMC,12,64,64,618,94,15%,524,85%,0,0.0%,0,0.0%,618,,"1,537",,"April 25, 2020"
St. Luke's Medical Center - BGC (SLMC-BGC),SLMC-BGC,54,220,220,"3,026",265,9%,"2,761",91%,0,0.0%,0,0.0%,"3,309",,"7,920",,"April 25, 2020"
Philippine Red Cross (PRC),PRC,,,,"3,623",294,8%,"3,329",92%,0,0.0%,0,0.0%,"3,623",,"70,000",,"April 25, 2020"
Chinese General Hospital (CGH),CGH,0,58,59,895,101,11%,794,89%,0,0.0%,0,0.0%,900,,722,,"April 25, 2020"
Research Institute for Tropical Medicine (RITM),RITM,91,"1,180","1,344","40,481","6,570",16%,"33,885",84%,22,0.1%,4,0.0%,"47,163",,"48,144",,"April 26, 2020"
Baguio General Hospital and Medical Center (BGHMC),BGHMC,5,355,391,"4,711",73,2%,"4,637",98%,0,0.0%,0,0.0%,"4,994",,"2,100",,"April 26, 2020"
San Lazaro Hospital (SLH),SLH,13,186,186,"2,652",182,7%,"2,464",93%,0,0.0%,6,0.2%,"2,863",,"1,557",,"April 26, 2020"
Vicente Sotto Memorial Medical Center (VSMMC),VSMMC,40,411,425,"4,526",488,11%,"4,037",89%,1,0.0%,0,0.0%,"4,931",,"17,900",,"April 26, 2020"
UP National Institutes of Health (UP-NIH),UP-NIH,31,192,192,"3,071",480,16%,"2,504",82%,34,1.1%,53,1.7%,"3,249",,"1,296",,"April 26, 2020"
Western Visayas Medical Center (WVMC),WVMC,1,129,131,"2,934",60,2%,"2,874",98%,0,0.0%,0,0.0%,"3,327",,"1,752",,"April 26, 2020"
Southern Philippines Medical Center (SPMC),SPMC,3,54,62,"3,195",148,5%,"3,044",95%,0,0.0%,3,0.1%,"3,701",,"10,639",,"April 26, 2020"
Lung Center of the Philippines (LCP),LCP,11,254,254,"4,655",264,6%,"4,389",94%,0,0.0%,2,0.0%,"4,670",,"2,850",,"April 26, 2020"
Bicol Regional Diagnostic and Reference Laboratory (BRDRL),BRDRL,0,25,25,422,21,5%,398,94%,3,0.7%,0,0.0%,432,,"4,173",,"April 26, 2020"
V. Luna Hospital,,0,0,0,309,3,1%,306,99%,0,0.0%,0,0.0%,321,,"9,619",,"April 26, 2020"
Detoxicare Molecular Diagnostics Laboratory,,14,152,152,642,44,7%,598,93%,0,0.0%,0,0.0%,642,,260,,"April 26, 2020"
Makati Medical Center (MMC),MMC,9,123,123,"1,257",100,8%,"1,157",92%,0,0.0%,0,0.0%,"1,257",,398,,"April 26, 2020"
St. Luke's Medical Center - Quezon City (SLMC-QC),SLMC-QC,27,182,182,"2,461",333,14%,"2,127",86%,1,0.0%,0,0.0%,"2,461",,960,,"April 26, 2020"
The Medical City (TMC),TMC,21,116,116,734,115,16%,619,84%,0,0.0%,0,0.0%,734,,"1,363",,"April 26, 2020"
St. Luke's Medical Center - BGC (SLMC-BGC),SLMC-BGC,12,431,469,"3,447",277,8%,"3,170",92%,0,0.0%,0,0.0%,"3,778",,"21,240",,"April 26, 2020"
Philippine Red Cross (PRC),PRC,33,843,843,"4,466",327,7%,"4,139",93%,0,0.0%,0,0.0%,"4,466",,"70,000",,"April 26, 2020"
Chinese General Hospital (CGH),CGH,0,0,0,895,101,11%,794,89%,0,0.0%,0,0.0%,900,,722,,"April 26, 2020"
